"","mean_auc","sd_auc","method","ratio","response"
"1",0.929375147134341,0.00190302546353247,"rf",2,"agex"
"2",0.938118776401305,0.00195249271879516,"rf",2,"urb"
