"","var","importance","response"
"1","pop_change",297.354310481176,"agex"
"2","dis_90",571.032499727226,"agex"
"3","in_90",314.751526720448,"agex"
"4","for_90",8424.37662905244,"agex"
"5","elev",795.915061981428,"agex"
"6","pop_change",331.920821689452,"urb"
"7","dis_90",2118.48015491963,"urb"
"8","in_90",371.20112869221,"urb"
"9","for_90",408.95570940772,"urb"
"10","elev",184.287505625544,"urb"
