species,iteration,timestep,scenario,numNodes,numLinks,totArea,meanArea,totQuality,meanQuality,totAreaQuality,meanAreaQuality,totCost,meanCost,overallECgap,overallECnatal
BLBR,1,0,37,7750,21605,3892098600,502206.27096774196,6305.20832540099,0.8135752677936762,32921563.244677816,4247.943644474557,2549504,118.00527655635271,6162252.176774439,16859073.31111277
BLBR,1,1,37,6790,18856,3735995400,550220.235640648,5537.115227540483,0.8154808877084658,31720786.97919082,4671.691749512639,2443120,129.56724649978787,5991818.942520564,16235704.123306463
BLBR,1,2,37,6879,19092,3682008900,535253.5106846925,5641.901439395854,0.8201630236074798,31322270.982799344,4553.317485506519,2535360,132.79698302954114,5927740.90283451,15976696.029839976
BLBR,10,0,37,7750,21605,3892098600,502206.27096774196,6305.20832540099,0.8135752677936762,32921563.244677816,4247.943644474557,2549504,118.00527655635271,6162252.176774439,16859073.31111277
BLBR,10,1,37,6764,18822,3733265700,551931.6528681254,5525.757866078021,0.8169364083497961,31696176.27273448,4686.0106849104795,2454424,130.40187015194985,5967507.854073321,16211075.381418027
BLBR,10,2,37,6867,19104,3679497900,535823.1979030144,5630.781212973347,0.8199768767982156,31296346.43291651,4557.499116487041,2540664,132.99120603015075,5862418.217812747,15941841.055125417
BLBR,2,0,37,7750,21605,3892098600,502206.27096774196,6305.20832540099,0.8135752677936762,32921563.244677816,4247.943644474557,2549504,118.00527655635271,6162252.176774439,16859073.31111277
BLBR,2,1,37,6749,18771,3737534400,553790.8430878649,5531.18351722729,0.8195560108500948,31730953.768751774,4701.578569973592,2454080,130.73784028554687,5989531.492598339,16215190.58602764
